{"cameraMode":{"drawMode":0,"name":"Shaded","section":"Shading Mode"},"sceneLighting":true,"audioPlay":false,"sceneViewState":{"showFog":true,"showMaterialUpdate":false,"showSkybox":true,"showFlares":true,"showImageEffects":true,"showParticleSystems":true,"showVisualEffectGraphs":true,"m_FxEnabled":true},"in2DMode":false,"pivot":{"x":-2.7871339321136476,"y":3.8964450359344484,"z":11.548083305358887},"rotation":{"x":0.09654539078474045,"y":0.882668673992157,"z":-0.20760193467140199,"w":0.41047951579093935},"size":0.053316839039325717,"orthographic":false}