{"cameraMode":{"drawMode":0,"name":"Shaded","section":"Shading Mode"},"sceneLighting":true,"audioPlay":false,"sceneViewState":{"showFog":true,"showMaterialUpdate":false,"showSkybox":true,"showFlares":true,"showImageEffects":true,"showParticleSystems":true,"showVisualEffectGraphs":true,"m_FxEnabled":true},"in2DMode":false,"pivot":{"x":-0.19819040596485139,"y":3.668705463409424,"z":12.454178810119629},"rotation":{"x":0.054254643619060519,"y":0.924655020236969,"z":-0.14400620758533479,"w":0.3483527898788452},"size":0.053316839039325717,"orthographic":false}